App,Review,Topic,Sentiment,Predicted
10 Best Foods for You,"I like eat delicious food. That's I'm cooking food myself, case ""10 Best Foods"" helps lot, also ""Best Before (Shelf Life)""",,Positive,Positive
10 Best Foods for You,This help eating healthy exercise regular basis,,Positive,Positive
10 Best Foods for You,Works great especially going grocery store,,Positive,Positive
10 Best Foods for You,Best idea us,,Positive,Positive
10 Best Foods for You,Best way,,Positive,Positive
10 Best Foods for You,Amazing,,Positive,Positive
10 Best Foods for You,"Looking forward app,",,Neutral,Negitive
10 Best Foods for You,It helpful site ! It help foods get !,,Neutral,Positive
10 Best Foods for You,good you.,,Positive,Positive
10 Best Foods for You,"Useful information The amount spelling errors questions validity information shared. Once fixed, 5 stars given.",,Positive,Positive
10 Best Foods for You,"Thank you! Great app!! Add arthritis, eyes, immunity, kidney/liver detox foods please. :)",,Positive,Positive
10 Best Foods for You,Greatest ever Completely awesome maintain health.... This must ppl there... Love it!!!,,Positive,Positive
10 Best Foods for You,Good health...... Good health first priority.......,,Positive,Positive
10 Best Foods for You,Health It's important world either life . think? :),,Positive,Positive
10 Best Foods for You,"Mrs sunita bhati I thankful developers,to make kind app, really good healthy food body",,Positive,Positive
10 Best Foods for You,Very Useful in diabetes age 30. I need control sugar. thanks,,Positive,Positive
10 Best Foods for You,One greatest apps.,,Positive,Positive
10 Best Foods for You,good nice,,Positive,Positive
10 Best Foods for You,Healthy Really helped,,Positive,Positive
10 Best Foods for You,God health,,Neutral,Positive
10 Best Foods for You,HEALTH SHOULD ALWAYS BE TOP PRIORITY. !!. ON MYSG5.,,Positive,Positive
10 Best Foods for You,An excellent A useful,,Positive,Positive
10 Best Foods for You,I found lot wealth form health...,,Neutral,Positive
10 Best Foods for You,Because I found important.,,Positive,Positive
10 Best Foods for You,Healthy Eating,,Positive,Positive
10 Best Foods for You,Very good Simply good,,Positive,Positive
10 Best Foods for You,On test....,,Neutral,Positive
10 Best Foods for You,Good.!!,,Positive,Positive
10 Best Foods for You,Good.!!,,Positive,Positive
10 Best Foods for You,Thanks advice. Downloaded Adobe reader still can't get recipe book?..,,Positive,Positive
10 Best Foods for You,No recipe book Unable recipe book.,,Negative,Negitive
10 Best Foods for You,Absolutely Fabulous Phenomenal,,Positive,Positive
10 Best Foods for You,Great Love food,,Positive,Positive
10 Best Foods for You,Excellent It really works,,Positive,Positive
10 Best Foods for You,Best,,Positive,Positive
10 Best Foods for You,"WEALTH OF INFORMATION Very informative ... easy understand. (The ads middle page interupted read). Update: My ""ad comment"" NOT objection ads, literally position ads. Smack dab MIDDLE. I new spartphones & apps. Didnt know NOT Click eveything I saw... But, ... Full Review",,Positive,Positive
10 Best Foods for You,Not description good,,Positive,Positive
10 Best Foods for You,Great app. Love,,Positive,Positive
10 Best Foods for You,Good,,Positive,Positive
10 Best Foods for You,Cool.,,Positive,Positive
10 Best Foods for You,Good,,Positive,Positive
10 Best Foods for You,Good,,Positive,Positive
10 Best Foods for You,Best Best,,Positive,Positive
10 Best Foods for You,Great Great,,Positive,Positive
10 Best Foods for You,"Food list easy I predibetic, I scared. All Dr. said potatoes, rice, bread. He never told I could eat. I supplied paperwork stating things could happen me. This tells get works. Thank calming down.AWESOME APP. GET IT!!!!",,Positive,Positive
10 Best Foods for You,Great wife. My wife enjoy much. She's kinda person like follow health diet... She's spending much time front PC find appropriate diet food her. Now found magnificent app! Thank you! Thumbs up.,,Positive,Positive
10 Best Foods for You,Great! Very interesting useful application. I like it!,,Positive,Positive
10 Best Foods for You,Crap Doesn't work,,Negative,Negitive
10 Best Foods for You,This 5 starr Download,,Neutral,Positive
10 Best Foods for You,I like Was helpful,,Neutral,Positive
10 Best Foods for You,nice super get,,Positive,Positive
10 Best Foods for You,Nice Nice collection,,Positive,Positive
10 Best Foods for You,Wow,,Positive,Positive
10 Best Foods for You,"Interesting. It interesting info, I think worth storage space phone. I'd rather research computer print list. Neat idea, make life easier, provide entertainment, I expect app.",,Positive,Positive
10 Best Foods for You,"Luv it! Simple, easy understand, well thought I follow step step problems see results. I also luv apps, gives food choices. But looks like foundation. Keep good work!",,Positive,Positive
10 Best Foods for You,Not good Its good u net connection u can't play app.so much good.,,Positive,Positive
10 Best Foods for You,Awesome resources I begin new journey. I can't see great results!,,Positive,Positive
10 Best Foods for You,Boring. I thought actually just texts that's it. Too poor old texts....,,Negative,Negitive
10 Best Foods for You,Love app. It gives way good idea I buying store eating daily basis,,Positive,Positive
10 Best Foods for You,Great Its really best unique provides detailed information food nutritious staying healthy hats developer giving free.,,Positive,Positive
10 Best Foods for You,Nothing special! Could find anything useful!,,Positive,Positive
10 Best Foods for You,Its ok I love ok.,,Positive,Positive
11st,Horrible ID verification,,Negative,Negitive
11st,"Easy even basic Korean. Searching English usually bring results products shipped overseas, best search Korean.",,Positive,Positive
11st,Cool,,Positive,Positive
11st,"I do not collect it for a month, but I will not refund it. He said he would only call me all month.",,Neutral,Negitive
11st,Top bar missing newest update. Hard shop can't search...,,Positive,Positive
11st,com.skplanet.syruppay.cardrecognizedlib,,Neutral,Negitive
11st,Nice,,Positive,Positive
11st,best shop,,Positive,Positive
11st,I forgot password can't get new,,Positive,Positive
11st,best,,Positive,Positive
11st,I love,,Positive,Positive
11st,Force update,,Neutral,Negitive
11st,She,,Neutral,Positive
11st,Love Nature,,Positive,Positive
11st,Language barrier. I understand Korea. I want English.,,Neutral,Positive
11st,Shipping View Flexible View Make it right? Why do not you come out ???,,Positive,Positive
11st,0 points I want to give No -10000000000000 points shortage I clicked on the Internet address I could not find the product I popped up and the 11th Avenue app was automatically turned on and it was automatically abducted so I can not use the internet app.,,Neutral,Negitive
11st,Five star Its nice,,Positive,Positive
11st,"Forced termination is too severe. If you try to view detailed information, it will be forcibly terminated.",,Positive,Negitive
11st,"Open Market Revolution A section of the Helo-Ship open market mobile service. There are still many page areas that can not be served by mobile service, and the interface is also an urgent level for page loading. If you understand that there is a limit to the source control of the product information provided by the sellers, it is a chronic problem that problems arise in the loading of coupons or on the benefit management page.",,Positive,Positive
11st,English version Hi possible English version. Thank you.,,Neutral,Positive
11st,"If you have a phone that is authenticated by OTP and you call the agent, you will be able to find it .... There is a letter authentication and there is also an e-mail .. If you do not do such a thing and call a counselor,",,Positive,Positive
11st,It has been slowed down since the last update. It's hard for me to pay for the product ... I'll give up when I'm alive.,,Negative,Negitive
11st,good good,,Positive,Positive
11st,"If a network error occurs, the app should save the state and try again, or try to re-point the next time, but that's it and it's gone. It's totally tough.",,Negative,Negitive
11st,Problem language I dont understand language used app. I advise keep option user choose language may prefer,,Neutral,Negitive
11st,Nice So nice Apps.,,Positive,Positive
11st,Don't English language like,,Neutral,Negitive
1800 Contacts - Lens Store,Great hassle free way order contacts. Got call reminding prescription expires tomorrow.,,Positive,Positive
1800 Contacts - Lens Store,"It's expensive I expected (I thought I'd saving money, cutting middle man), waaaaay convenient doctor's office.",,Negative,Negitive
1800 Contacts - Lens Store,Super fast navigation brand fast/easy checkout additional ads BS,,Positive,Positive
1800 Contacts - Lens Store,Easy step step process correct information took 5 minutes place order.,,Positive,Positive
1800 Contacts - Lens Store,Placing order easy especially paper copy Rx. I'll update review I receive order rebate.,,Positive,Positive
1800 Contacts - Lens Store,Super fast ordering reordering easy interface. Love convenience app!,,Positive,Positive
1800 Contacts - Lens Store,I love makes getting contacts easy!♥️,,Positive,Positive
1800 Contacts - Lens Store,Easy use. Will def recommend,,Positive,Positive
1800 Contacts - Lens Store,Love app. Super easy use. Ordered contacts less minute.,,Positive,Positive
1800 Contacts - Lens Store,"This easy use, ordering process fast efficient.",,Positive,Positive
1800 Contacts - Lens Store,So simple cave man it!!,,Neutral,Positive
1800 Contacts - Lens Store,"Simple, fast easy use. No eye appointments",,Positive,Positive
1800 Contacts - Lens Store,Very user friendly.,,Positive,Positive
1800 Contacts - Lens Store,Very easy use. Love free shipping,,Positive,Positive
1800 Contacts - Lens Store,Very easy use.,,Positive,Positive
1800 Contacts - Lens Store,Dope,,Neutral,Negitive
1800 Contacts - Lens Store,Easy affordable.,,Positive,Positive
1800 Contacts - Lens Store,Easy,,Positive,Positive
1800 Contacts - Lens Store,great,,Positive,Positive
1800 Contacts - Lens Store,So easy app! Made ordering contacts breeze! Great prices too!,,Positive,Positive
1800 Contacts - Lens Store,Does need do. No sense giving anything less 5 stars.,,Negative,Negitive
1800 Contacts - Lens Store,Worked well glad I,,Positive,Positive
1800 Contacts - Lens Store,It's hell lot easier I thought it would be!,,Neutral,Positive
1800 Contacts - Lens Store,It made getting new contacts easy!,,Positive,Positive
1800 Contacts - Lens Store,I love app! SO easy super convenient!!,,Positive,Positive
1800 Contacts - Lens Store,"This well designed, easy & convenient!",,Positive,Positive
1800 Contacts - Lens Store,Great hassle free way order contacts. Got call reminding prescription expires tomorrow.,,Positive,Positive
1800 Contacts - Lens Store,"It's expensive I expected (I thought I'd saving money, cutting middle man), waaaaay convenient doctor's office.",,Negative,Negitive
1800 Contacts - Lens Store,Super fast navigation brand fast/easy checkout additional ads BS,,Positive,Positive
1800 Contacts - Lens Store,Easy step step process correct information took 5 minutes place order.,,Positive,Positive
2ndLine - Second Phone Number,I loved ads starting popping using it. Get rid ads dominating entire screen. I hate that. At least put ads corners make small really hinder well I app.,,Negative,Negitive
2ndLine - Second Phone Number,"I'm using Premium still poor quality calls. Voice breaks badly sometimes people can't even understand I tell them, 4G Wi-Fi, connection, poorly designed.",,Negative,Negitive
2ndLine - Second Phone Number,"I can't even it, I deleted first I downloaded cos even letting register , I can't again!!! Please need work app!!!!",,Positive,Positive
2ndLine - Second Phone Number,My calls keep dropping complete. This sucks trying take care important calls handle business may able reach person need talk to.,,Positive,Positive
2ndLine - Second Phone Number,"Can't create account. Keeps saying ""An error occurred"". Tried different emails, different passwords. Nothing.",,Neutral,Negitive
2ndLine - Second Phone Number,Cant create account. Tried 4 different emails says 'an error occurred'. Wasted time. Uninstalling,,Negative,Negitive
2ndLine - Second Phone Number,This keep dropping I open n loses signal takes long load.. Friends receiving photos I'm sending them..,,Negative,Negitive
2ndLine - Second Phone Number,Keeps crashing. Keeps ending calls. Please fix! On note 8,,Neutral,Negitive
2ndLine - Second Phone Number,"fix problem ""the error occurred"" i'm happy give five stars",,Positive,Positive
2ndLine - Second Phone Number,"I installed signed up..but I able make calls texting, receive send to.any numbers..I tried also canada numbers, response",,Positive,Positive
2ndLine - Second Phone Number,I really like app. But I want know available iPhone ??,,Positive,Positive
2ndLine - Second Phone Number,"I cannot create account always pop ""connect error occurred""",,Neutral,Negitive
2ndLine - Second Phone Number,I pay 10$ credit make international calls ... never recieve it!!!!!,,Neutral,Positive
2ndLine - Second Phone Number,It acts weird sometimes frustrating I need good line connect people's with.,,Negative,Negitive
2ndLine - Second Phone Number,This showing error signup,,Neutral,Negitive
2ndLine - Second Phone Number,allow sign up. Fix problem,,Neutral,Negitive
2ndLine - Second Phone Number,Unable sing up!! Always show error,,Negative,Negitive
2ndLine - Second Phone Number,As error occurred bata raha hai,,Neutral,Negitive
2ndLine - Second Phone Number,I can't create account....it saying error occurred,,Neutral,Negitive
2ndLine - Second Phone Number,Sweet I original number I call text friends family,,Positive,Positive
2ndLine - Second Phone Number,When creating account always showing error occurred ..,,Neutral,Negitive
2ndLine - Second Phone Number,Its good creating number It shows error occurred Plz fix,,Positive,Positive
2ndLine - Second Phone Number,Error occurred sign,,Neutral,Negitive
2ndLine - Second Phone Number,Remove add sign sure,,Positive,Positive
2ndLine - Second Phone Number,Great app. You made great. I enjoying it. I love 2nd Line,,Positive,Positive
2ndLine - Second Phone Number,Error?what heck..,,Neutral,Negitive
8fit Workouts & Meal Planner,I've using two weeks I love it. A couple times music stopped workout I deal that. Today music stopped workout crashed I trying save progress. After took two three tries load continues crash trying load music I finish. I hope it'll fixed soon I love working 8fit everyday. Thanks :),,Positive,Positive
8fit Workouts & Meal Planner,"Great mini workouts I'm absolutely soaked sweat one. However, I moderate severe osteoarthritis workouts almost impossible although I suck deal pain I know important get every pound I knees. I think three pounds pressure every pound weight.",,Positive,Positive
8fit Workouts & Meal Planner,"I love app, thing I would like changed better meal tracking. The meal planning great, can't add meals items track calories whatnot, enter breakfast healthy unhealthy.",,Positive,Positive
8fit Workouts & Meal Planner,"I really looking forward using sadly took ages load anything eventhough internet fine, work it. Deleted I even used it. Shame.",,Positive,Positive
8fit Workouts & Meal Planner,"As mom 3 small kids, writing workout schedule meal plan (not mention grocery lists, taking kids store cooking boring healthy food) much extra work. This first I've found takes work life me! They workout plans videos timer built in, art shows you. It records many exercises many calories burned self. But I love meal plans! You pick type diet want foods know like, set meals make grocery list you!! That amazing. I'm glad I found app!",,Positive,Positive
8fit Workouts & Meal Planner,Amazing! Its free teaches us build muscle helps us weight loss. Someday going see soccer field playing Barcelona Argentina.,,Positive,Positive
8fit Workouts & Meal Planner,"So far days. I enjoyed much. A mother 4, little hard get away. The comfort bringing workout home awesome.",,Positive,Positive
8fit Workouts & Meal Planner,"I like app, would much better could record Body measurements (no good health - why??) And also able add fat muscle content weight. That calculate BMI too. One comment; I want leave press back button never let's leave app.. I stuck go task manager close down.",,Positive,Positive
8fit Workouts & Meal Planner,I love much. They offer guided workouts videos sound effects without paying kind monthly fee. The workouts usually like 12 minutes fit I'm throughout day.,,Positive,Positive
8fit Workouts & Meal Planner,"Love app! Disappointed morning load workout screen, let enter activities last update.",,Negative,Negitive
8fit Workouts & Meal Planner,Love app! It gave difficulty right sections change hard was. It also gets information needs envasive. Highly recommend it!,,Positive,Positive
8fit Workouts & Meal Planner,I diagnosed degenerative disc disease & exercise best thing help symptoms. I needed something simple start PERFECTLY SIMPLE!,,Positive,Positive
8fit Workouts & Meal Planner,Can u fix ? I accept new term hangs says network error tried mulpiple wi fi data think error pls,,Positive,Positive
8fit Workouts & Meal Planner,Have 4 hrs doesnt work. Meal plan set wont change start date. It spins spins. Tried cancel subscription wouldn't either. Had cancel Google Play still cost $30 for.....a buggy frustration helpful.,,Neutral,Negitive
8fit Workouts & Meal Planner,"I'm since 4 weeks today. So far I lost 5,9 kgs, waist 5cm smaller. I pro account, however I'm following nutrition plan, bit (~1400 kcal day, 30% protein, 30%carbs 40%fat). Workouts good. Gave 4 stars, log, I'm using MyFitnessPal paper notebook well. Shows progress nicely. You save fav meals (pro), unlock extra workouts (pro). So overall good, I'm really missing food/workout log (just like others).",,Positive,Positive
8fit Workouts & Meal Planner,"I days I still getting hang it, far I really like it! The workouts perfect me, time intensity!:) I say, I believe I burned many calories claims workouts that's okay I know I DID put work!",,Positive,Positive
8fit Workouts & Meal Planner,So far good.... I've using 1 week pretty cool. The workouts pretty tough (but super fun) I recommended several friends. I'm phase 2 we'll see goes. I wish meals included free app...,,Positive,Positive
8fit Workouts & Meal Planner,Edit: Excellent for. Had unpleasant surprise regarding bank account charged team easy contact fix mistake.,,Positive,Positive
8fit Workouts & Meal Planner,"I love workouts app, calorie burn statistics way unrealistic. No burn 400+ calories 12 minute workout.",,Neutral,Negitive
8fit Workouts & Meal Planner,"Overall good, tried free version. I like I need pause workout I can't actually leave unless I want start workout over. Also, I'm sure voice coaching...I like sounds let know next move coming would helpful voice said move switch too. I also wish gave previews meals like could get idea without try premium period",,Positive,Positive
8fit Workouts & Meal Planner,I've trying pass 4th workout section 3 times every time I want save workout make error something I can't save,,Neutral,Negitive
8fit Workouts & Meal Planner,Just starting & workouts great. No equipment needed. Not long I fit in. I used meal plan part.,,Positive,Positive
8fit Workouts & Meal Planner,"I've using week now, I already disciplined working out. The scheduling feature great, I love move shown short video clip. P.S, I robot ha.",,Positive,Positive
8fit Workouts & Meal Planner,Update broke it. No email still broke.,,Neutral,Negitive
8fit Workouts & Meal Planner,"I love app. Has plenty completely doable recipes, like complicated wall recipes plan. A variation work routines, broken 8 20 minutes, minutes. I also started yoga sessions added. All plans beginner level, feel like behind even get started.",,Negative,Negitive
8fit Workouts & Meal Planner,"I love 8fit! I 1 yr pro membership pretty cheap things considered. I lot allergies dont good guide time. Workouts great lots different choices including yoga specific body workouts. Short workouts true payoff, always amazing! Would definately recommend!",,Positive,Positive
8fit Workouts & Meal Planner,"Absolutely love it! I exercises baby he's clingy, he'll thinks I'm playing. The music selection great, recipes awesome I love cater vegan diet well. I fun workouts done I realize. I change suit injuries, articles informative. I could never stick workouts I would get bored overwhelmed quit, makes everything easy seamless!",,Positive,Positive
8fit Workouts & Meal Planner,I really like app. I train everyday lately everytime updates starts acting up. It takes forever load workout delay moving next exercise. I've completed workout today would let save progress. The option gave delete workout I did. I really hope fix problem soon.,,Negative,Negitive
8fit Workouts & Meal Planner,"I thought would great sand first day I liked it. Then updated completely lost meal plan. It even said July 25th: ""There meals planned day. Your meal plan starts July 23rd."" Huh?!? So I'm supposed stsrve today?",,Positive,Positive
8fit Workouts & Meal Planner,They best customer reps there. I issue Rep went beyond I wanted. I also perks Pro member I honestly say workouts eating meal plan best! My suggestion would option reset meal plan case miss whole day.,,Positive,Positive
8fit Workouts & Meal Planner,"So far love app. It everything meal plans catered dietary restrictions, great workouts videos. And logging activity list amazing... From climbing dance tennis. So whatever sport log it!",,Positive,Positive
8fit Workouts & Meal Planner,So I downloaded 3 days without able sign in. I tried signing fb account take back what's goal/sign page. I've tried creating new account still able sign in. I've uninstalled installed nothing,,Positive,Positive
8fit Workouts & Meal Planner,"Great get quick workout anytime anywhere. Spent extra meal planning part wish I hadn't. Not user friendly matter setting I picked, trouble finding day worth food I would like eat.",,Positive,Positive
8fit Workouts & Meal Planner,"As mom 2, it's hard find time work out. I love workouts short based current fitness ability. And there's talking, nice kids running around screaming. I wish optional stretch session workout.",,Positive,Positive
8fit Workouts & Meal Planner,I upgraded free plan subscription plan however I can't access upgrade app. An error message appears saying I've already purchased subscription. How frustrating! I sent message support team via I'm still waiting response.,,Negative,Negitive
8fit Workouts & Meal Planner,"Charged 60$ year account disabled day later, reported edit: That lie I created ticket 6614 help desk refund posted yet. All ignore help desk message cancel subscription. Your messages section either, I'm sure expecting check messages ""in app"". edit 2: acknowledging I subscription now, still communications help desk ticket",,Positive,Positive
8fit Workouts & Meal Planner,"After two days using app, simply stopped working. Once opened, whatever I tap white blank, I wait nothing appears, there's way I continue work outs. I uninstalled installed I result :/",,Negative,Negitive
8fit Workouts & Meal Planner,Edit: I've contact help desk received refund. Thanks quick reply. I deleted account. The fine itself. Just me. Mostly unhappy charged straight away.,,Positive,Positive
8fit Workouts & Meal Planner,I've using two weeks I love it. A couple times music stopped workout I deal that. Today music stopped workout crashed I trying save progress. After took two three tries load continues crash trying load music I finish. I hope it'll fixed soon I love working 8fit everyday. Thanks :),,Positive,Positive
8fit Workouts & Meal Planner,"Great mini workouts I'm absolutely soaked sweat one. However, I moderate severe osteoarthritis workouts almost impossible although I suck deal pain I know important get every pound I knees. I think three pounds pressure every pound weight.",,Positive,Positive
8fit Workouts & Meal Planner,"I love app, thing I would like changed better meal tracking. The meal planning great, can't add meals items track calories whatnot, enter breakfast healthy unhealthy.",,Positive,Positive
8fit Workouts & Meal Planner,"I really looking forward using sadly took ages load anything eventhough internet fine, work it. Deleted I even used it. Shame.",,Positive,Positive
8fit Workouts & Meal Planner,"As mom 3 small kids, writing workout schedule meal plan (not mention grocery lists, taking kids store cooking boring healthy food) much extra work. This first I've found takes work life me! They workout plans videos timer built in, art shows you. It records many exercises many calories burned self. But I love meal plans! You pick type diet want foods know like, set meals make grocery list you!! That amazing. I'm glad I found app!",,Positive,Positive
8fit Workouts & Meal Planner,Amazing! Its free teaches us build muscle helps us weight loss. Someday going see soccer field playing Barcelona Argentina.,,Positive,Positive
8fit Workouts & Meal Planner,"So far days. I enjoyed much. A mother 4, little hard get away. The comfort bringing workout home awesome.",,Positive,Positive
8fit Workouts & Meal Planner,"I like app, would much better could record Body measurements (no good health - why??) And also able add fat muscle content weight. That calculate BMI too. One comment; I want leave press back button never let's leave app.. I stuck go task manager close down.",,Positive,Positive
8fit Workouts & Meal Planner,I love much. They offer guided workouts videos sound effects without paying kind monthly fee. The workouts usually like 12 minutes fit I'm throughout day.,,Positive,Positive
8fit Workouts & Meal Planner,"Love app! Disappointed morning load workout screen, let enter activities last update.",,Negative,Negitive
8fit Workouts & Meal Planner,Love app! It gave difficulty right sections change hard was. It also gets information needs envasive. Highly recommend it!,,Positive,Positive
8fit Workouts & Meal Planner,I diagnosed degenerative disc disease & exercise best thing help symptoms. I needed something simple start PERFECTLY SIMPLE!,,Positive,Positive
8fit Workouts & Meal Planner,Can u fix ? I accept new term hangs says network error tried mulpiple wi fi data think error pls,,Positive,Positive
8fit Workouts & Meal Planner,Have 4 hrs doesnt work. Meal plan set wont change start date. It spins spins. Tried cancel subscription wouldn't either. Had cancel Google Play still cost $30 for.....a buggy frustration helpful.,,Neutral,Negitive
8fit Workouts & Meal Planner,"I'm since 4 weeks today. So far I lost 5,9 kgs, waist 5cm smaller. I pro account, however I'm following nutrition plan, bit (~1400 kcal day, 30% protein, 30%carbs 40%fat). Workouts good. Gave 4 stars, log, I'm using MyFitnessPal paper notebook well. Shows progress nicely. You save fav meals (pro), unlock extra workouts (pro). So overall good, I'm really missing food/workout log (just like others).",,Positive,Positive
8fit Workouts & Meal Planner,"I days I still getting hang it, far I really like it! The workouts perfect me, time intensity!:) I say, I believe I burned many calories claims workouts that's okay I know I DID put work!",,Positive,Positive
8fit Workouts & Meal Planner,So far good.... I've using 1 week pretty cool. The workouts pretty tough (but super fun) I recommended several friends. I'm phase 2 we'll see goes. I wish meals included free app...,,Positive,Positive
8fit Workouts & Meal Planner,Edit: Excellent for. Had unpleasant surprise regarding bank account charged team easy contact fix mistake.,,Positive,Positive
8fit Workouts & Meal Planner,"I love workouts app, calorie burn statistics way unrealistic. No burn 400+ calories 12 minute workout.",,Neutral,Negitive
8fit Workouts & Meal Planner,"Overall good, tried free version. I like I need pause workout I can't actually leave unless I want start workout over. Also, I'm sure voice coaching...I like sounds let know next move coming would helpful voice said move switch too. I also wish gave previews meals like could get idea without try premium period",,Positive,Positive
8fit Workouts & Meal Planner,I've trying pass 4th workout section 3 times every time I want save workout make error something I can't save,,Neutral,Negitive
8fit Workouts & Meal Planner,Just starting & workouts great. No equipment needed. Not long I fit in. I used meal plan part.,,Positive,Positive
8fit Workouts & Meal Planner,"I've using week now, I already disciplined working out. The scheduling feature great, I love move shown short video clip. P.S, I robot ha.",,Positive,Positive
8fit Workouts & Meal Planner,Update broke it. No email still broke.,,Neutral,Negitive
8fit Workouts & Meal Planner,"Absolutely love it! I exercises baby he's clingy, he'll thinks I'm playing. The music selection great, recipes awesome I love cater vegan diet well. I fun workouts done I realize. ... Full Review",,Positive,Positive
8fit Workouts & Meal Planner,"I love 8fit! I 1 yr pro membership pretty cheap things considered. I lot allergies dont good guide time. Workouts great lots different choices including yoga specific body workouts. Short workouts true payoff, always amazing! Would definately recommend!",,Positive,Positive
8fit Workouts & Meal Planner,I really like app. I train everyday lately everytime updates starts acting up. It takes forever load workout delay moving next exercise. I've completed workout today would let save progress. The option gave delete workout I did. I really hope fix problem soon.,,Negative,Negitive
8fit Workouts & Meal Planner,"I thought would great sand first day I liked it. Then updated completely lost meal plan. It even said July 25th: ""There meals planned day. Your meal plan starts July 23rd."" Huh?!? So I'm supposed stsrve today?",,Positive,Positive
8fit Workouts & Meal Planner,They best customer reps there. I issue Rep went beyond I wanted. I also perks Pro member I honestly say workouts eating meal plan best! My suggestion would option reset meal plan case miss whole day.,,Positive,Positive
8fit Workouts & Meal Planner,"So far love app. It everything meal plans catered dietary restrictions, great workouts videos. And logging activity list amazing... From climbing dance tennis. So whatever sport log it!",,Positive,Positive
8fit Workouts & Meal Planner,So I downloaded 3 days without able sign in. I tried signing fb account take back what's goal/sign page. I've tried creating new account still able sign in. I've uninstalled installed nothing,,Positive,Positive
8fit Workouts & Meal Planner,"Great get quick workout anytime anywhere. Spent extra meal planning part wish I hadn't. Not user friendly matter setting I picked, trouble finding day worth food I would like eat.",,Positive,Positive
8fit Workouts & Meal Planner,"As mom 2, it's hard find time work out. I love workouts short based current fitness ability. And there's talking, nice kids running around screaming. I wish optional stretch session workout.",,Positive,Positive
8fit Workouts & Meal Planner,"Charged 60$ year account disabled day later, reported edit: That lie I created ticket 6614 help desk refund posted yet. All ignore help desk message cancel subscription. Your messages section either, I'm sure expecting check messages ""in app"". edit 2: acknowledging I subscription now, still communications help desk ticket",,Positive,Positive
8fit Workouts & Meal Planner,"After two days using app, simply stopped working. Once opened, whatever I tap white blank, I wait nothing appears, there's way I continue work outs. I uninstalled installed I result :/",,Negative,Negitive
8fit Workouts & Meal Planner,Edit: I've contact help desk received refund. Thanks quick reply. I deleted account. The fine itself. Just me. Mostly unhappy charged straight away.,,Positive,Positive
8fit Workouts & Meal Planner,I've using two weeks I love it. A couple times music stopped workout I deal that. Today music stopped workout crashed I trying save progress. After took two three tries load continues crash trying load music I finish. I hope it'll fixed soon I love working 8fit everyday. Thanks :),,Positive,Positive
8fit Workouts & Meal Planner,"Great mini workouts I'm absolutely soaked sweat one. However, I moderate severe osteoarthritis workouts almost impossible although I suck deal pain I know important get every pound I knees. I think three pounds pressure every pound weight.",,Positive,Positive
8fit Workouts & Meal Planner,"I love app, thing I would like changed better meal tracking. The meal planning great, can't add meals items track calories whatnot, enter breakfast healthy unhealthy.",,Positive,Positive
8fit Workouts & Meal Planner,"I really looking forward using sadly took ages load anything eventhough internet fine, work it. Deleted I even used it. Shame.",,Positive,Positive
8fit Workouts & Meal Planner,"As mom 3 small kids, writing workout schedule meal plan (not mention grocery lists, taking kids store cooking boring healthy food) much extra work. This first I've found takes work life me! They workout plans videos timer built in, art shows you. It records many exercises many calories burned self. But I love meal plans! You pick type diet want foods know like, set meals make grocery list you!! That amazing. I'm glad I found app!",,Positive,Positive
8fit Workouts & Meal Planner,Amazing! Its free teaches us build muscle helps us weight loss. Someday going see soccer field playing Barcelona Argentina.,,Positive,Positive
8fit Workouts & Meal Planner,"So far days. I enjoyed much. A mother 4, little hard get away. The comfort bringing workout home awesome.",,Positive,Positive
8fit Workouts & Meal Planner,I love much. They offer guided workouts videos sound effects without paying kind monthly fee. The workouts usually like 12 minutes fit I'm throughout day.,,Positive,Positive
8fit Workouts & Meal Planner,"Love app! Disappointed morning load workout screen, let enter activities last update.",,Negative,Negitive
8fit Workouts & Meal Planner,Love app! It gave difficulty right sections change hard was. It also gets information needs envasive. Highly recommend it!,,Positive,Positive
8fit Workouts & Meal Planner,I diagnosed degenerative disc disease & exercise best thing help symptoms. I needed something simple start PERFECTLY SIMPLE!,,Positive,Positive
8fit Workouts & Meal Planner,Can u fix ? I accept new term hangs says network error tried mulpiple wi fi data think error pls,,Positive,Positive
8fit Workouts & Meal Planner,Have 4 hrs doesnt work. Meal plan set wont change start date. It spins spins. Tried cancel subscription wouldn't either. Had cancel Google Play still cost $30 for.....a buggy frustration helpful.,,Neutral,Negitive
8fit Workouts & Meal Planner,"I'm since 4 weeks today. So far I lost 5,9 kgs, waist 5cm smaller. I pro account, however I'm following nutrition plan, bit (~1400 kcal day, 30% protein, 30%carbs 40%fat). Workouts good. Gave 4 stars, log, I'm using MyFitnessPal paper notebook well. Shows progress nicely. You save fav meals (pro), unlock extra workouts (pro). So overall good, I'm really missing food/workout log (just like others).",,Positive,Positive
8fit Workouts & Meal Planner,So far good.... I've using 1 week pretty cool. The workouts pretty tough (but super fun) I recommended several friends. I'm phase 2 we'll see goes. I wish meals included free app...,,Positive,Positive
8fit Workouts & Meal Planner,Edit: Excellent for. Had unpleasant surprise regarding bank account charged team easy contact fix mistake.,,Positive,Positive
8fit Workouts & Meal Planner,"I love workouts app, calorie burn statistics way unrealistic. No burn 400+ calories 12 minute workout.",,Neutral,Negitive
8fit Workouts & Meal Planner,"Overall good, tried free version. I like I need pause workout I can't actually leave unless I want start workout over. Also, I'm sure voice coaching...I like sounds let know next move coming would helpful voice said move switch too. I also wish gave previews meals like could get idea without try premium period",,Positive,Positive
8fit Workouts & Meal Planner,I've trying pass 4th workout section 3 times every time I want save workout make error something I can't save,,Neutral,Negitive
8fit Workouts & Meal Planner,Just starting & workouts great. No equipment needed. Not long I fit in. I used meal plan part.,,Positive,Positive
8fit Workouts & Meal Planner,"I've using week now, I already disciplined working out. The scheduling feature great, I love move shown short video clip. P.S, I robot ha.",,Positive,Positive
8fit Workouts & Meal Planner,Update broke it. No email still broke.,,Neutral,Negitive
8fit Workouts & Meal Planner,"It's great way stay motivated. Short workouts long ones, either way, get fitness day.",,Positive,Positive
8fit Workouts & Meal Planner,"open first - wanted try 30 days see I thought, I open cancel subscription (uninstalling cancel it) I charged using even work D:",,Positive,Positive
8fit Workouts & Meal Planner,"Love, love love everything this! The thing is, I wish way cast workouts smart tv order follow exercises ease.",,Positive,Positive
8fit Workouts & Meal Planner,Really great I would recommend it. Got sweating like heatwave. THANK YOU,,Positive,Positive
8fit Workouts & Meal Planner,"It work, I'm sure phone. I want try let continue first screen, I can't even create account, says ""network error"" I checked WiFi ok. Can help me?",,Positive,Positive
8fit Workouts & Meal Planner,Keeps freezing user agreement. I 4 bars wifi. Tried restarting phone 4 times every time still freezes user agreement,,Neutral,Negitive
8fit Workouts & Meal Planner,"The workouts right me, based parameters I put setting up. Love getting bored routine every day, decide exercises day, let vary me.",,Positive,Positive
8fit Workouts & Meal Planner,I signed free trials charged suddenly 1 year. What heck? I already stop using even get notified I'm going charged whole year 78$!!!!!!!!,,Positive,Positive
8fit Workouts & Meal Planner,Love app. Gets sweating gives workouts able easy. Definitely would recommend can't afford gym membership.,,Positive,Positive
8fit Workouts & Meal Planner,"Just beginning personalized workouts meals spot on, feels like It's personalized trainer nutritionist less cost...I rated four first week",,Positive,Positive
8fit Workouts & Meal Planner,"For now I am with the free plan it seems great exercise routine that needs to be done, I hope to maintain that pace to get the expected results",,Positive,Positive
8fit Workouts & Meal Planner,It's great except often network problem often work.....very frustrating paying something gives trouble.,,Positive,Positive
8fit Workouts & Meal Planner,"I used I charged $60 annual fee consent. I requested assistance yet contacted. Please give refund. I charged I use, given consent charge account",,Neutral,Positive
8fit Workouts & Meal Planner,"Love app, I free version exercise routines, love quick easy fit day. Also like reminders. Just wish could play music accompany exercises.",,Positive,Positive
